Workbook
Name RangeData36: '[1]Dữ liệu nhập liệu'!$AK$3:$AK$241
Name RangeData46: '[2]Dữ liệu nhập liệu'!$AU$3:$AU$11181
Name RangeData69: '[1]Dữ liệu nhập liệu'!$BR$3:$BR$4

Sheet TT
B1: THÔNG TIN THỜI VỤ 2024
B2: 1 | C2: 2 | D2: 3 | E2: 4 | F2: 5 | G2: 6 | H2: 7 | I2: 8 | J2: 9 | K2: 10 | L2: 11 | M2: 12 | N2: 13 | O2: 14 | P2: 15 | Q2: 16
A3: STT | B3: Mã NV | C3: HỌ VÀ TÊN | D3: NGÀY SINH | E3: BP | F3: SỐ CMT | G3: NGÀY CẤP | H3: NƠI CẤP | I3: ĐỊA CHỈ | J3: SỐ ĐT | K3: Giới tính | L3: Ngày vào | M3: Ca | N3: VT | O3: Vendor | P3: Đến ngày | Q3: Trạng thái | R3: Phân loại | S3: Kinh nghiệm làm việc | U3: Vị trí làm việc | Y3: Ghi chú
S4: Công ty | T4: Thời gian | U4: Ngoại quan | V4: Chức năng | W4: Lắp ráp | X4: Bắt vít
A5: 1 | B5: NW24011669HM | C5: Nguyễn Văn Tính | D5: 38091 | E5: P | F5: 019204011597 | G5: 44793 | H5: Cục Cảnh sát | I5: Nga My - Phú Bình - Thái Nguyê | J5: 0379127290 | K5: Nam | L5: 45293 | M5: Ngày | N5: 272 | O5: =RIGHT(B5,2) -> HM | P5: =VLOOKUP($B5,'[3]CHÍNH THỨC'!$D:$H,4,0) -> 45317 | Q5: =VLOOKUP($B5,'[3]CHÍNH THỨC'!$D:$H,5,0) -> Đã nghỉ việc
A6: 2 | B6: 24011670HM | C6: Hoàng Thị Dần | D6: 29085 | E6: P | F6: 019179001028 | G6: 44299 | H6: Cục Cảnh sát | I6: Tức Tranh - Phú Lương - Thái Nguyên | J6: 0384334882 | K6: Nữ | L6: 45293 | M6: Ngày | N6: 273 | O6: =RIGHT(B6,2) -> HM | P6: =VLOOKUP($B6,'[3]CHÍNH THỨC'!$D:$H,4,0) -> 45925 | Q6: =VLOOKUP($B6,'[3]CHÍNH THỨC'!$D:$H,5,0) -> Đang làm việc
A7: 3 | B7: NW24011671HM | C7: Phạm Thị Hồng Liên | D7: 38244 | E7: P | F7: 019304009288 | G7: 44329 | H7: Cục Cảnh sát | I7: Khôi Kỳ - Đại Từ - Thái Nguyên | J7: 0876275617 | K7: Nữ | L7: 45293 | M7: Ngày | N7: 274 | O7: =RIGHT(B7,2) -> HM | P7: =VLOOKUP($B7,'[3]CHÍNH THỨC'!$D:$H,4,0) -> 45294 | Q7: =VLOOKUP($B7,'[3]CHÍNH THỨC'!$D:$H,5,0) -> Đã nghỉ việc
A8: 4 | B8: NW24011672HM | C8: Nguyễn Hồng Nhung | D8: 38452 | E8: P | F8: 019305006961 | G8: 44424 | H8: Cục Cảnh sát | I8: Túc Duyên - TP Thái Nguyên - Thái Nguyên | J8: 0337989023 | K8: Nữ | L8: 45293 | M8: Ngày | N8: 277 | O8: =RIGHT(B8,2) -> HM | P8: =VLOOKUP($B8,'[3]CHÍNH THỨC'!$D:$H,4,0) -> 45328 | Q8: =VLOOKUP($B8,'[3]CHÍNH THỨC'!$D:$H,5,0) -> Đã nghỉ việc
A9: 5 | B9: NW24011673HM | C9: Dương Văn Quyết | D9: 38445 | E9: P | F9: 002205005603 | G9: 37614 | H9: Cục Cảnh sát | I9: Yên Đổ - Phú Lương - Thái Nguyên | J9: 0329965017 | K9: Nam | L9: 45293 | M9: Ngày | N9: 281 | O9: =RIGHT(B9,2) -> HM | P9: =VLOOKUP($B9,'[3]CHÍNH THỨC'!$D:$H,4,0) -> 45321 | Q9: =VLOOKUP($B9,'[3]CHÍNH THỨC'!$D:$H,5,0) -> Đã nghỉ việc
A10: 6 | B10: NW24011674HM | C10: Đặng Hoàng Vũ | D10: 38617 | E10: P | F10: 014205007491 | G10: 37614 | H10: Cục Cảnh sát | I10: Quân Chu - Đại Từ - Thái Nguyên | J10: 0348114708 | K10: Nam | L10: 45293 | M10: Ngày | N10: 288 | O10: =RIGHT(B10,2) -> HM | P10: =VLOOKUP($B10,'[3]CHÍNH THỨC'!$D:$H,4,0) -> 45310 | Q10: =VLOOKUP($B10,'[3]CHÍNH THỨC'!$D:$H,5,0) -> Đã nghỉ việc
A11: 7 | B11: NW24010180MA | C11: Hà Xuân Doãn | D11: 38382 | E11: P | F11: 006205003239 | G11: 44325 | H11: Cục Cảnh Sát | I11: Cao Kỳ - Chợ Mới - Bắc Kạn | J11: 0344978262 | K11: Nam | L11: 45293 | M11: Ngày | N11: 241 | O11: =RIGHT(B11,2) -> MA | P11: =VLOOKUP($B11,'[3]CHÍNH THỨC'!$D:$H,4,0) -> 45294 | Q11: =VLOOKUP($B11,'[3]CHÍNH THỨC'!$D:$H,5,0) -> Đã nghỉ việc
A12: 8 | B12: NW24010181MA | C12: Nguyễn Văn Dũng | D12: 37702 | E12: P | F12: 012203006498 | G12: 44534 | H12: Cục Cảnh Sát | I12: Hồ Mít - Tân Uyên - Lai Châu | J12: 0362642737 | K12: Nam | L12: 45293 | M12: Đêm | N12: 245 | O12: =RIGHT(B12,2) -> MA | P12: =VLOOKUP($B12,'[3]CHÍNH THỨC'!$D:$H,4,0) -> 45329 | Q12: =VLOOKUP($B12,'[3]CHÍNH THỨC'!$D:$H,5,0) -> Đã nghỉ việc
A13: 9 | B13: NW24010182MA | C13: Dương Thế Hoàn | D13: 37209 | E13: P | F13: 019201006468 | G13: 45060 | H13: Cục Cảnh Sát | I13: Xuân Phương - Phú Bình - Thái Nguyên | J13: 0986044475 | K13: Nam | L13: 45293 | M13: Ngày | N13: 249 | O13: =RIGHT(B13,2) -> MA | P13: =VLOOKUP($B13,'[3]CHÍNH THỨC'!$D:$H,4,0) -> 45317 | Q13: =VLOOKUP($B13,'[3]CHÍNH THỨC'!$D:$H,5,0) -> Đã nghỉ việc
A14: 10 | B14: NW24010183MA | C14: Lý Viêt Đức | D14: 38650 | E14: P | F14: 019205010095 | G14: 44547 | H14: Cục Cảnh Sát | I14: Phú Đình - Định Hóa - Thái Nguyên | J14: 0974893344 | K14: Nam | L14: 45293 | M14: Ngày | N14: 250 | O14: =RIGHT(B14,2) -> MA | P14: =VLOOKUP($B14,'[3]CHÍNH THỨC'!$D:$H,4,0) -> 45303 | Q14: =VLOOKUP($B14,'[3]CHÍNH THỨC'!$D:$H,5,0) -> Đã nghỉ việc
A15: 11 | B15: NW24010184MA | C15: Trần Anh Thắng | D15: 37857 | E15: P | F15: 025203012812 | G15: 44382 | H15: Cục Cảnh Sát | I15: Tinh Nhuệ - Thanh Sơn - Phú Thọ | J15: 0974893344 | K15: Nam | L15: 45293 | M15: Ngày | N15: 252 | O15: =RIGHT(B15,2) -> MA | P15: =VLOOKUP($B15,'[3]CHÍNH THỨC'!$D:$H,4,0) -> 45303 | Q15: =VLOOKUP($B15,'[3]CHÍNH THỨC'!$D:$H,5,0) -> Đã nghỉ việc
A16: 12 | B16: NW24010185MA | C16: Nguyễn Văn Tuấn | D16: 38509 | E16: P | F16: 019205009222 | G16: 44347 | H16: Cục Cảnh Sát | I16: Văn Yên - Đại Từ - Thái Nguyên | J16: 0385746255 | K16: Nam | L16: 45293 | M16: Ngày | N16: 256 | O16: =RIGHT(B16,2) -> MA | P16: =VLOOKUP($B16,'[3]CHÍNH THỨC'!$D:$H,4,0) -> 45301 | Q16: =VLOOKUP($B16,'[3]CHÍNH THỨC'!$D:$H,5,0) -> Đã nghỉ việc
A17: 13 | B17: NW24010186MA | C17: Đinh Thị Điệp Anh | D17: 38680 | E17: P | F17: 006305000533 | G17: 44310 | H17: Cục Cảnh Sát | I17: Vũ Muộn - Bình Thuận - Bắc Kạn | J17: 0336482442 | K17: Nữ | L17: 45293 | M17: Đêm | N17: 263 | O17: =RIGHT(B17,2) -> MA | P17: =VLOOKUP($B17,'[3]CHÍNH THỨC'!$D:$H,4,0) -> 45329 | Q17: =VLOOKUP($B17,'[3]CHÍNH THỨC'!$D:$H,5,0) -> Đã nghỉ việc
A18: 14 | B18: NW24010187MA | C18: Đinh Quỳnh Nga | D18: 38667 | E18: P | F18: 006305000599 | G18: 44327 | H18: Cục Cảnh Sát | I18: Vũ Muộn - Bình Thuận - Bắc Kạn | J18: 0336482442 | K18: Nữ | L18: 45293 | M18: Đêm | N18: 266 | O18: =RIGHT(B18,2) -> MA | P18: =VLOOKUP($B18,'[3]CHÍNH THỨC'!$D:$H,4,0) -> 45329 | Q18: =VLOOKUP($B18,'[3]CHÍNH THỨC'!$D:$H,5,0) -> Đã nghỉ việc
A19: 15 | B19: NW24011581HL | C19: Võ Thùy Linh | D19: 38307 | E19: P | F19: 019304009349 | G19: 44374 | H19: Cục Cảnh Sát | I19: Tân Kim - Phú Bình -Thái Nguyên | J19: 0979138305 | K19: Nữ | L19: 45293 | M19: Ngày | N19: 293 | O19: =RIGHT(B19,2) -> HL | P19: =VLOOKUP($B19,'[3]CHÍNH THỨC'!$D:$H,4,0) -> 45317 | Q19: =VLOOKUP($B19,'[3]CHÍNH THỨC'!$D:$H,5,0) -> Đã nghỉ việc
A20: 16 | B20: NW24011582HL | C20: Lục Văn Thành | D20: 34429 | E20: P | F20: 019094000911 | G20: 44311 | H20: Cục Cảnh Sát | I20: Tân Long - Đồng Hỷ - Thái Nguyên | J20: 0865929478 | K20: Nam | L20: 45293 | M20: Đêm | N20: 294 | O20: =RIGHT(B20,2) -> HL | P20: =VLOOKUP($B20,'[3]CHÍNH THỨC'!$D:$H,4,0) -> 45329 | Q20: =VLOOKUP($B20,'[3]CHÍNH THỨC'!$D:$H,5,0) -> Đã nghỉ việc
A21: 17 | B21: NW24011583HL | C21: Nguyễn Thị Mỹ Linh | D21: 38471 | E21: P | F21: 019305002205 | G21: 44425 | H21: Cục Cảnh Sát | I21: Tiên Phong - Phổ Yên - Thái Nguyên | J21: 0867648546 | K21: Nữ | L21: 45293 | M21: Ngày | N21: 297 | O21: =RIGHT(B21,2) -> HL | P21: =VLOOKUP($B21,'[3]CHÍNH THỨC'!$D:$H,4,0) -> 45306 | Q21: =VLOOKUP($B21,'[3]CHÍNH THỨC'!$D:$H,5,0) -> Đã nghỉ việc
A22: 18 | B22: NW24011584HL | C22: Trạc Thị Thu Hằng | D22: 36993 | E22: P | F22: 019301008204 | G22: 44389 | H22: Cục Cảnh Sát | I22: Tức Tranh - Phú Lương - Thái Nguyên | J22: 0372164146 | K22: Nữ | L22: 45293 | M22: Ngày | N22: 306 | O22: =RIGHT(B22,2) -> HL | P22: =VLOOKUP($B22,'[3]CHÍNH THỨC'!$D:$H,4,0) -> 45313 | Q22: =VLOOKUP($B22,'[3]CHÍNH THỨC'!$D:$H,5,0) -> Đã nghỉ việc
A23: 19 | B23: NW24011585HL | C23: Lê Thị Hậu | D23: 37038 | E23: P | F23: 019301006334 | G23: 44440 | H23: Cục Cảnh Sát | I23: Tân Đức - Phú Bình - Thái Nguyên | J23: 0965307691 | K23: Nữ | L23: 45293 | M23: Ngày | N23: 309 | O23: =RIGHT(B23,2) -> HL | P23: =VLOOKUP($B23,'[3]CHÍNH THỨC'!$D:$H,4,0) -> 45313 | Q23: =VLOOKUP($B23,'[3]CHÍNH THỨC'!$D:$H,5,0) -> Đã nghỉ việc
A24: 20 | B24: NW24011586HL | C24: Dương Quang Hưng | D24: 35197 | E24: P | F24: 019096006721 | G24: 44939 | H24: Cục Cảnh Sát | I24: Xuân Phương - Phú Bình - Thái Nguyên | J24: 0867947221 | K24: Nam | L24: 45293 | M24: Ngày | N24: 317 | O24: =RIGHT(B24,2) -> HL | P24: =VLOOKUP($B24,'[3]CHÍNH THỨC'!$D:$H,4,0) -> 45328 | Q24: =VLOOKUP($B24,'[3]CHÍNH THỨC'!$D:$H,5,0) -> Đã nghỉ việc
A25: 21 | B25: NW24011587HL | C25: Ngô Thị Tình | D25: 37782 | E25: P | F25: 019303008418 | G25: 45073 | H25: Cục Cảnh Sát | I25: Minh Đức - Phổ Yên - Thái Nguyên | J25: 0362702953 | K25: Nữ | L25: 45293 | M25: Đêm | N25: 321 | O25: =RIGHT(B25,2) -> HL | P25: =VLOOKUP($B25,'[3]CHÍNH THỨC'!$D:$H,4,0) -> 45300 | Q25: =VLOOKUP($B25,'[3]CHÍNH THỨC'!$D:$H,5,0) -> Đã nghỉ việc
... A33: 29 | B33: NW24010068MD | C33: Nguyễn Thị Lan Anh | D33: 29709 | E33: P | F33: 019181013474 | G33: 44469 | H33: Cục Cảnh Sát | I33: Tân Hương, Phổ Yên, Thái Nguyên | J33: 0972382674 | K33: Nữ | L33: 45293 | M33: Đêm | N33: 342 | O33: =RIGHT(B33,2) -> MD | P33: =VLOOKUP($B33,'[3]CHÍNH THỨC'!$D:$H,4,0) -> 45352 | Q33: =VLOOKUP($B33,'[3]CHÍNH THỨC'!$D:$H,5,0) -> Đã nghỉ việc
A34: 30 | B34: NW24010069MD | C34: Hoàng Thị Thủy | D34: 30156 | E34: P | F34: 019182008241 | G34: 44419 | H34: Cục Cảnh Sát | I34: Hòa Bình, Đồng Hỷ, Thái Nguyên | J34: 0911239743 | K34: Nữ | L34: 45293 | M34: Đêm | N34: 356 | O34: =RIGHT(B34,2) -> MD | P34: =VLOOKUP($B34,'[3]CHÍNH THỨC'!$D:$H,4,0) -> 45329 | Q34: =VLOOKUP($B34,'[3]CHÍNH THỨC'!$D:$H,5,0) -> Đã nghỉ việc
A35: 31 | B35: NW24010070MD | C35: Trần Thị Hằng | D35: 29022 | E35: P | F35: 019179004731 | G35: 44419 | H35: Cục Cảnh Sát | I35: Hóa Trung, Đồng Hỷ, Thái Nguyên | J35: 0374863135 | K35: Nữ | L35: 45293 | M35: Đêm | N35: 357 | O35: =RIGHT(B35,2) -> MD | P35: =VLOOKUP($B35,'[3]CHÍNH THỨC'!$D:$H,4,0) -> 45329 | Q35: =VLOOKUP($B35,'[3]CHÍNH THỨC'!$D:$H,5,0) -> Đã nghỉ việc
A36: 32 | B36: NW24011049TM | C36: Nguyễn Văn Toàn | D36: 30597 | E36: P | F36: 019083013176 | G36: 44205 | H36: Cục Cảnh Sát | I36: Xóm Đô - Nhã Lộng - Phú Bình - Thái Nguyên | J36: 0356354977 | K36: Nam | L36: 45293 | M36: Ngày | N36: 271 | O36: =RIGHT(B36,2) -> TM | P36: =VLOOKUP($B36,'[3]CHÍNH THỨC'!$D:$H,4,0) -> 45313 | Q36: =VLOOKUP($B36,'[3]CHÍNH THỨC'!$D:$H,5,0) -> Đã nghỉ việc
A37: 33 | B37: NW24010028MU | C37: Hứa Văn Vương | D37: 33784 | E37: P | F37: 004092007605 | G37: 44894 | H37: Cục Cảnh Sát | I37: Cẩn Yên, Hà Quảng, Cao Bằng | J37: 0382608126 | K37: Nam | L37: 45293 | M37: Ngày | N37: 231 | O37: =RIGHT(B37,2) -> MU | P37: =VLOOKUP($B37,'[3]CHÍNH THỨC'!$D:$H,4,0) -> 45336 | Q37: =VLOOKUP($B37,'[3]CHÍNH THỨC'!$D:$H,5,0) -> Đã nghỉ việc
A38: 34 | B38: NW24010221LT | C38: Nguyễn Thị Hằng | D38: 38403 | E38: P | F38: 019305002782 | G38: 44313 | H38: Cục Cảnh Sát | I38: Quang Vinh - T.P Thái Nguyên - Thái Nguyên | J38: 0369950545 | K38: Nữ | L38: 45293 | M38: Ngày | N38: 236 | O38: =RIGHT(B38,2) -> LT | P38: =VLOOKUP($B38,'[3]CHÍNH THỨC'!$D:$H,4,0) -> 45303 | Q38: =VLOOKUP($B38,'[3]CHÍNH THỨC'!$D:$H,5,0) -> Đã nghỉ việc
A39: 35 | B39: NW24010222LT | C39: Nguyễn Văn Đông | D39: 37820 | E39: P | F39: 019203011482 | G39: 44381 | H39: Cục Cảnh Sát | I39: Động Đạt - Phú Lương - Thái Nguyên | J39: 0396114892 | K39: Nam | L39: 45293 | M39: Ngày | N39: 235 | O39: =RIGHT(B39,2) -> LT | P39: =VLOOKUP($B39,'[3]CHÍNH THỨC'!$D:$H,4,0) -> 45302 | Q39: =VLOOKUP($B39,'[3]CHÍNH THỨC'!$D:$H,5,0) -> Đã nghỉ việc
A40: 36 | B40: NW24010223LT | C40: Nguyễn Minh Hoàng | D40: 35695 | E40: P | F40: 019097008783 | G40: 44894 | H40: Cục Cảnh Sát | I40: Lương Sơn - T.P Sông Công- Thái Nguyên | J40: 0395081196 | K40: Nam | L40: 45293 | M40: Ngày | N40: 232 | O40: =RIGHT(B40,2) -> LT | P40: =VLOOKUP($B40,'[3]CHÍNH THỨC'!$D:$H,4,0) -> 45323 | Q40: =VLOOKUP($B40,'[3]CHÍNH THỨC'!$D:$H,5,0) -> Đã nghỉ việc
A41: 37 | B41: NW24010224LT | C41: Trần Anh Thái | D41: 34939 | E41: P | F41: 019095010114 | G41: 44467 | H41: Cục Cảnh Sát | I41: Tân Thành - T.P Thái Nguyên - Thái Nguyên | J41: 0799795666 | K41: Nam | L41: 45293 | M41: Đêm | N41: 343 | O41: =RIGHT(B41,2) -> LT | P41: =VLOOKUP($B41,'[3]CHÍNH THỨC'!$D:$H,4,0) -> 45295 | Q41: =VLOOKUP($B41,'[3]CHÍNH THỨC'!$D:$H,5,0) -> Đã nghỉ việc
A42: 38 | B42: NW24011675HM | C42: Lâm Tiến Định | D42: 38419 | E42: P | F42: 019205007151 | G42: 44329 | H42: Cục Cảnh sát | I42: Bắc Sơn - Phổ Yên - Thái Nguyên | J42: 0985157597 | K42: Nam | L42: 45294 | M42: Ngày | N42: 344 | O42: =RIGHT(B42,2) -> HM | P42: =VLOOKUP($B42,'[3]CHÍNH THỨC'!$D:$H,4,0) -> 45548 | Q42: =VLOOKUP($B42,'[3]CHÍNH THỨC'!$D:$H,5,0) -> Đã nghỉ việc
A43: 39 | B43: NW24011676HM | C43: Lâm Văn Thắng | D43: 38674 | E43: P | F43: 019207011303 | G43: 44280 | H43: Cục Cảnh sát | I43: Bắc Sơn - Phổ Yên - Thái Nguyên | J43: 0877797004 | K43: Nam | L43: 45294 | M43: Ngày | N43: 346 | O43: =RIGHT(B43,2) -> HM | P43: =VLOOKUP($B43,'[3]CHÍNH THỨC'!$D:$H,4,0) -> 45338 | Q43: =VLOOKUP($B43,'[3]CHÍNH THỨC'!$D:$H,5,0) -> Đã nghỉ việc
A44: 40 | B44: NW24011677HM | C44: Triệu Thị Truyền | D44: 34325 | E44: P | F44: 008193006708 | G44: 45035 | H44: Cục Cảnh sát | I44: Bạch Xa - Hàm Yên - Tuyên Quang | J44: 0964229891 | K44: Nữ | L44: 45294 | M44: Ngày | N44: 398 | O44: =RIGHT(B44,2) -> HM | P44: =VLOOKUP($B44,'[3]CHÍNH THỨC'!$D:$H,4,0) -> 45317 | Q44: =VLOOKUP($B44,'[3]CHÍNH THỨC'!$D:$H,5,0) -> Đã nghỉ việc
A45: 41 | B45: NW24011678HM | C45: Hoàng Trường Giang | D45: 35105 | E45: P | F45: 095210719 | G45: 42781 | H45: CA Bắc Kạn | I45: Huyền Tụng -TP Bắc Kạn - Bắc Kạn | J45: 0988615501 | K45: Nam | L45: 45294 | M45: Đêm | N45: 403 | O45: =RIGHT(B45,2) -> HM | P45: =VLOOKUP($B45,'[3]CHÍNH THỨC'!$D:$H,4,0) -> 45300 | Q45: =VLOOKUP($B45,'[3]CHÍNH THỨC'!$D:$H,5,0) -> Đã nghỉ việc
A46: 42 | B46: NW24011679HM | C46: Nguyễn Thị Lan Anh | D46: 38123 | E46: P | F46: 019304001830 | G46: 44579 | H46: Cục Cảnh sát | I46: Nhã Lộng - Phú Bình - Thái Nguyên | J46: 0766471686 | K46: Nữ | L46: 45294 | M46: Ngày | N46: 405 | O46: =RIGHT(B46,2) -> HM | P46: =VLOOKUP($B46,'[3]CHÍNH THỨC'!$D:$H,4,0) -> 45306 | Q46: =VLOOKUP($B46,'[3]CHÍNH THỨC'!$D:$H,5,0) -> Đã nghỉ việc
A47: 43 | B47: NW24011680HM | C47: Nguyễn Mạnh Hưng | D47: 37595 | E47: P | F47: 019202006425 | G47: 44994 | H47: Cục Cảnh sát | I47: Thuận Thành - Phổ Yên - Thái nguyên | J47: 0328974047 | K47: Nam | L47: 45294 | M47: Ngày | N47: 408 | O47: =RIGHT(B47,2) -> HM | P47: =VLOOKUP($B47,'[3]CHÍNH THỨC'!$D:$H,4,0) -> 45300 | Q47: =VLOOKUP($B47,'[3]CHÍNH THỨC'!$D:$H,5,0) -> Đã nghỉ việc
A48: 44 | B48: NW24011681HM | C48: Nguyễn Mai Quỳnh | D48: 38065 | E48: P | F48: 019304010997 | G48: 44417 | H48: Cục Cảnh sát | I48: Tức Tranh- Phú Lương- Thái Nguyên | J48: 0392589054 | K48: Nữ | L48: 45294 | M48: Đêm | N48: 430 | O48: =RIGHT(B48,2) -> HM | P48: =VLOOKUP($B48,'[3]CHÍNH THỨC'!$D:$H,4,0) -> 45320 | Q48: =VLOOKUP($B48,'[3]CHÍNH THỨC'!$D:$H,5,0) -> Đã nghỉ việc
A49: 45 | B49: NW24010188MA | C49: Vũ Thị Vân Anh | D49: 38428 | E49: P | F49: 006305002475 | G49: 44329 | H49: Cục Cảnh Sát | I49: Sông Cầu - Bắc Kạn - Bắc Kạn | J49: 0358469164 | K49: Nữ | L49: 45294 | M49: Ngày | N49: 383 | O49: =RIGHT(B49,2) -> MA | P49: =VLOOKUP($B49,'[3]CHÍNH THỨC'!$D:$H,4,0) -> 45295 | Q49: =VLOOKUP($B49,'[3]CHÍNH THỨC'!$D:$H,5,0) -> Đã nghỉ việc
A50: 46 | B50: NW24010189MA | C50: Trần Văn Mạnh | D50: 38641 | E50: P | F50: 019205005497 | G50: 44798 | H50: Cục Cảnh Sát | I50: Động Đạt - Phú Lương - Thái Nguyên | J50: 0345771631 | K50: Nam | L50: 45294 | M50: Đêm | N50: 428 | O50: =RIGHT(B50,2) -> MA | P50: =VLOOKUP($B50,'[3]CHÍNH THỨC'!$D:$H,4,0) -> 45310 | Q50: =VLOOKUP($B50,'[3]CHÍNH THỨC'!$D:$H,5,0) -> Đã nghỉ việc
A51: 47 | B51: NW24011589HL | C51: Đằng Văn Long | D51: 30086 | E51: P | F51: 019082011932 | G51: 45073 | H51: Cục Cảnh Sát | I51: Sơn Cẩm-Thái Nguyên | J51: 0969282213 | K51: Nam | L51: 45294 | M51: Ngày | N51: 411 | O51: =RIGHT(B51,2) -> HL | P51: =VLOOKUP($B51,'[3]CHÍNH THỨC'!$D:$H,4,0) -> 45302 | Q51: =VLOOKUP($B51,'[3]CHÍNH THỨC'!$D:$H,5,0) -> Đã nghỉ việc
A52: 48 | B52: NW24011590HL | C52: Phạm Thị Nguyệt | D52: 38638 | E52: P | F52: 010305003475 | G52: 44861 | H52: Cục Cảnh Sát | I52: Xuân Quảng - Bảo Thắng - Lào Cai | J52: 0989873794 | K52: Nữ | L52: 45294 | M52: Ngày | N52: 414 | O52: =RIGHT(B52,2) -> HL | P52: =VLOOKUP($B52,'[3]CHÍNH THỨC'!$D:$H,4,0) -> 45377 | Q52: =VLOOKUP($B52,'[3]CHÍNH THỨC'!$D:$H,5,0) -> Đã nghỉ việc
A53: 49 | B53: NW24011591HL | C53: Bàn Văn Hải | D53: 38294 | E53: P | F53: 004204001243 | G53: 44311 | H53: Cục Cảnh Sát | I53: Quang Trọng - Thạch An - Cao Bằng | J53: 0349535604 | K53: Nam | L53: 45294 | M53: Ngày | N53: 421 | O53: =RIGHT(B53,2) -> HL | P53: =VLOOKUP($B53,'[3]CHÍNH THỨC'!$D:$H,4,0) -> 45295 | Q53: =VLOOKUP($B53,'[3]CHÍNH THỨC'!$D:$H,5,0) -> Đã nghỉ việc
A54: 50 | B54: NW24011592HL | C54: Nguyễn Thị Hà | D54: 37206 | E54: P | F54: 019301000837 | G54: 44317 | H54: Cục Cảnh Sát | I54: Xuân Phương - Phú Bình - Thái Nguyên | J54: 0362154619 | K54: Nữ | L54: 45294 | M54: Đêm | N54: 422 | O54: =RIGHT(B54,2) -> HL | P54: =VLOOKUP($B54,'[3]CHÍNH THỨC'!$D:$H,4,0) -> 45339 | Q54: =VLOOKUP($B54,'[3]CHÍNH THỨC'!$D:$H,5,0) -> Đã nghỉ việc
A55: 51 | B55: NW24010123CE | C55: Nguyễn Thành Đạt | D55: 37091 | E55: P | F55: 019201010090 | G55: 44440 | H55: Cục Cảnh Sát | I55: Cam Giá, Thái Nguyên, Thái Nguyên | J55: 0374622101 | K55: Nam | L55: 45294 | M55: Ngày | N55: 363 | O55: =RIGHT(B55,2) -> CE | P55: =VLOOKUP($B55,'[3]CHÍNH THỨC'!$D:$H,4,0) -> 45307 | Q55: =VLOOKUP($B55,'[3]CHÍNH THỨC'!$D:$H,5,0) -> Đã nghỉ việc
A56: 52 | B56: NW24010124CE | C56: Lô Thị Sen | D56: 35231 | E56: P | F56: 019196009017 | G56: 44895 | H56: Cục Cảnh Sát | I56: Yên Ninh, Phú Lương, Thái Nguyên | J56: 0366114990 | K56: Nữ | L56: 45294 | M56: Đêm | N56: 441 | O56: =RIGHT(B56,2) -> CE | P56: =VLOOKUP($B56,'[3]CHÍNH THỨC'!$D:$H,4,0) -> 45294 | Q56: =VLOOKUP($B56,'[3]CHÍNH THỨC'!$D:$H,5,0) -> Đã nghỉ việc
A57: 53 | B57: NW24010125CE | C57: Nguyễn Thị Khuyến | D57: 33918 | E57: P | F57: 019192008552 | G57: 44920 | H57: Cục Cảnh Sát | I57: Lương Sơn, Sông Công, Thái Nguyên | J57: 0342661945 | K57: Nữ | L57: 45294 | M57: Đêm | N57: 443 | O57: =RIGHT(B57,2) -> CE | P57: =VLOOKUP($B57,'[3]CHÍNH THỨC'!$D:$H,4,0) -> 45294 | Q57: =VLOOKUP($B57,'[3]CHÍNH THỨC'!$D:$H,5,0) -> Đã nghỉ việc
A58: 54 | B58: NW24010126CE | C58: Dương Văn Minh | D58: 35074 | E58: P | F58: 019096007800 | G58: 44419 | H58: Cục Cảnh Sát | I58: Thành Công, Phổ Yên, Thái Nguyên | J58: 0325661444 | K58: Nam | L58: 45294 | M58: Đêm | N58: 444 | O58: =RIGHT(B58,2) -> CE | P58: =VLOOKUP($B58,'[3]CHÍNH THỨC'!$D:$H,4,0) -> 45294 | Q58: =VLOOKUP($B58,'[3]CHÍNH THỨC'!$D:$H,5,0) -> Đã nghỉ việc
A59: 55 | B59: NW24010127CE | C59: Hoàng Mạnh Dũng | D59: 38666 | E59: P | F59: 019205002679 | G59: 44315 | H59: Cục Cảnh Sát | I59: Sơn Cẩm, Thái Nguyên, Thái Nguyên | J59: 0976603659 | K59: Nam | L59: 45294 | M59: Đêm | N59: 445 | O59: =RIGHT(B59,2) -> CE | P59: =VLOOKUP($B59,'[3]CHÍNH THỨC'!$D:$H,4,0) -> 45301 | Q59: =VLOOKUP($B59,'[3]CHÍNH THỨC'!$D:$H,5,0) -> Đã nghỉ việc
A60: 56 | B60: NW24010071MD | C60: Lê Thị Nga | D60: 30234 | E60: P | F60: 019182009257 | G60: 44326 | H60: Cục Cảnh Sát | I60: Châu Sơn, Sông Công, Thái Nguyên | J60: 0984304144 | K60: Nữ | L60: 45294 | M60: Đêm | N60: 378 | O60: =RIGHT(B60,2) -> MD | P60: =VLOOKUP($B60,'[3]CHÍNH THỨC'!$D:$H,4,0) -> 45317 | Q60: =VLOOKUP($B60,'[3]CHÍNH THỨC'!$D:$H,5,0) -> Đã nghỉ việc
A61: 57 | B61: NW24010072MD | C61: Võ Thị Lý | D61: 30128 | E61: P | F61: 054182008191 | G61: 44326 | H61: Cục Cảnh Sát | I61: Châu Sơn, Sông Công, Thái Nguyên | J61: 0705589844 | K61: Nữ | L61: 45294 | M61: Đêm | N61: 380 | O61: =RIGHT(B61,2) -> MD | P61: =VLOOKUP($B61,'[3]CHÍNH THỨC'!$D:$H,4,0) -> 45295 | Q61: =VLOOKUP($B61,'[3]CHÍNH THỨC'!$D:$H,5,0) -> Đã nghỉ việc
A62: 58 | B62: NW24010073MD | C62: Nguyễn Mạnh Dũng | D62: 38592 | E62: P | F62: 019205012246 | G62: 44678 | H62: Cục Cảnh Sát | I62: Bình Thành, Định Hóa, Thái Nguyên | J62: 0975915616 | K62: Nữ | L62: 45294 | M62: Đêm | N62: 452 | O62: =RIGHT(B62,2) -> MD | P62: =VLOOKUP($B62,'[3]CHÍNH THỨC'!$D:$H,4,0) -> 45295 | Q62: =VLOOKUP($B62,'[3]CHÍNH THỨC'!$D:$H,5,0) -> Đã nghỉ việc
... A67: 63 | B67: NW24010031MU | C67: Triệu Văn Dũng | D67: 37055 | E67: P | F67: 019201006979 | G67: 44621 | H67: Cục Cảnh Sát | I67: Đức Lương - Đại Từ - Thái Nguyên | J67: 0389792321 | K67: Nam | L67: 45294 | M67: Ngày | N67: 388 | O67: =RIGHT(B67,2) -> MU | P67: =VLOOKUP($B67,'[3]CHÍNH THỨC'!$D:$H,4,0) -> 45302 | Q67: =VLOOKUP($B67,'[3]CHÍNH THỨC'!$D:$H,5,0) -> Đã nghỉ việc
A68: 64 | B68: NW24010225LT | C68: Cao Văn Quân | D68: 38567 | E68: P | F68: 024205015019 | G68: 44663 | H68: Cục Cảnh Sát | I68: Thị Trấn Vôi- Lạng Giang- Bắc Giang | J68: 0862143356 | K68: Nam | L68: 45294 | M68: Ngày | N68: 365 | O68: =RIGHT(B68,2) -> LT | P68: =VLOOKUP($B68,'[3]CHÍNH THỨC'!$D:$H,4,0) -> 45302 | Q68: =VLOOKUP($B68,'[3]CHÍNH THỨC'!$D:$H,5,0) -> Đã nghỉ việc
A69: 65 | B69: NW24010226LT | C69: Nguyễn Văn Nghị | D69: 38325 | E69: P | F69: 019204008896 | G69: 44547 | H69: Cục Cảnh Sát | I69: Thuận Thành - T.X Phổ Yên- Thái Nguyên | J69: 0353815952 | K69: Nam | L69: 45294 | M69: Ngày | N69: 366 | O69: =RIGHT(B69,2) -> LT | P69: =VLOOKUP($B69,'[3]CHÍNH THỨC'!$D:$H,4,0) -> 45302 | Q69: =VLOOKUP($B69,'[3]CHÍNH THỨC'!$D:$H,5,0) -> Đã nghỉ việc
A70: 66 | B70: NW24010227LT | C70: Lê Tiến Thìn | D70: 36619 | E70: P | F70: 019200008909 | G70: 44325 | H70: Cục Cảnh Sát | I70: Tân Phú- T.X Phổ Yên- Thái Nguyên | J70: 0963855120 | K70: Nam | L70: 45294 | M70: Ngày | N70: 367 | O70: =RIGHT(B70,2) -> LT | P70: =VLOOKUP($B70,'[3]CHÍNH THỨC'!$D:$H,4,0) -> 45302 | Q70: =VLOOKUP($B70,'[3]CHÍNH THỨC'!$D:$H,5,0) -> Đã nghỉ việc
A71: 67 | B71: NW24010228LT | C71: Lạc Văn Đồng | D71: 35423 | E71: P | F71: 006096004270 | G71: 45001 | H71: Cục Cảnh Sát | I71: Nghiên Loan - Pác Nặm - Bắc Kạn | J71: 0377514360 | K71: Nam | L71: 45294 | M71: Ngày | N71: 370 | O71: =RIGHT(B71,2) -> LT | P71: =VLOOKUP($B71,'[3]CHÍNH THỨC'!$D:$H,4,0) -> 45306 | Q71: =VLOOKUP($B71,'[3]CHÍNH THỨC'!$D:$H,5,0) -> Đã nghỉ việc
A72: 68 | B72: NW24010229LT | C72: Tống Khánh Hưng | D72: 38450 | E72: P | F72: 019205005042 | G72: 44547 | H72: Cục Cảnh Sát | I72: Bộc Nhiêu - Định Hoá - Thái Nguyên | J72: 0347678436 | K72: Nam | L72: 45294 | M72: Đêm | N72: 437 | O72: =RIGHT(B72,2) -> LT | P72: =VLOOKUP($B72,'[3]CHÍNH THỨC'!$D:$H,4,0) -> 45295 | Q72: =VLOOKUP($B72,'[3]CHÍNH THỨC'!$D:$H,5,0) -> Đã nghỉ việc
A73: 69 | B73: NW24010230LT | C73: Vũ Thị Ngọc Ánh | D73: 38554 | E73: P | F73: 019305009480 | G73: 44682 | H73: Cục Cảnh Sát | I73: Phúc Thuận - T.P Phổ Yên- Thái Nguyên | J73: 0838405740 | K73: Nữ | L73: 45294 | M73: Đêm | N73: 439 | O73: =RIGHT(B73,2) -> LT | P73: =VLOOKUP($B73,'[3]CHÍNH THỨC'!$D:$H,4,0) -> 45313 | Q73: =VLOOKUP($B73,'[3]CHÍNH THỨC'!$D:$H,5,0) -> Đã nghỉ việc
A74: 70 | B74: NW24010231LT | C74: Trần Bằng Chính | D74: 29562 | E74: P | F74: 019080001375 | G74: 44304 | H74: Cục Cảnh Sát | I74: Lương Sơn - TP Sông Công- Thái Nguyên | J74: 0975175169 | K74: Nam | L74: 45294 | M74: Đêm | N74: 440 | O74: =RIGHT(B74,2) -> LT | P74: =VLOOKUP($B74,'[3]CHÍNH THỨC'!$D:$H,4,0) -> 45306 | Q74: =VLOOKUP($B74,'[3]CHÍNH THỨC'!$D:$H,5,0) -> Đã nghỉ việc
A75: 71 | B75: NW24011682HM | C75: Nguyễn Văn Nghĩa | D75: 38581 | E75: P | F75: 019205207583 | G75: 44861 | H75: Cục Cảnh sát | I75: Tân Cương - TP Thái Nguyên - Thái Nguyên | J75: 0369467894 | K75: Nam | L75: 45295 | M75: Ngày | N75: 455 | O75: =RIGHT(B75,2) -> HM | P75: =VLOOKUP($B75,'[3]CHÍNH THỨC'!$D:$H,4,0) -> 45344 | Q75: =VLOOKUP($B75,'[3]CHÍNH THỨC'!$D:$H,5,0) -> Đã nghỉ việc
A76: 72 | B76: NW24011683HM | C76: Nguyễn Văn Duy | D76: 34976 | E76: P | F76: 001095039763 | G76: 44387 | H76: Cục Cảnh sát | I76: Bắc Sơn - Sóc Sơn - Hà Nội | J76: 0963596544 | K76: Nam | L76: 45295 | M76: Ngày | N76: 456 | O76: =RIGHT(B76,2) -> HM | P76: =VLOOKUP($B76,'[3]CHÍNH THỨC'!$D:$H,4,0) -> 45308 | Q76: =VLOOKUP($B76,'[3]CHÍNH THỨC'!$D:$H,5,0) -> Đã nghỉ việc
A77: 73 | B77: NW24011684HM | C77: Lê Văn Long | D77: 38604 | E77: P | F77: 008205006125 | G77: 44324 | H77: Cục Cảnh sát | I77: Tân Tiến - Yên Sơn - Tuyên Quang | J77: 0839267596 | K77: Nam | L77: 45295 | M77: Ngày | N77: 460 | O77: =RIGHT(B77,2) -> HM | P77: =VLOOKUP($B77,'[3]CHÍNH THỨC'!$D:$H,4,0) -> 45296 | Q77: =VLOOKUP($B77,'[3]CHÍNH THỨC'!$D:$H,5,0) -> Đã nghỉ việc
A78: 74 | B78: NW24011685HM | C78: Giàng Văn Quang | D78: 38330 | E78: P | F78: 010204008151 | G78: 44329 | H78: Cục Cảnh sát | I78: Bản Cầm - Bảo Thắng - Lào Cai | J78: 0913458776 | K78: Nam | L78: 45295 | M78: Ngày | N78: 464 | O78: =RIGHT(B78,2) -> HM | P78: =VLOOKUP($B78,'[3]CHÍNH THỨC'!$D:$H,4,0) -> 45300 | Q78: =VLOOKUP($B78,'[3]CHÍNH THỨC'!$D:$H,5,0) -> Đã nghỉ việc
A79: 75 | B79: NW24011593HL | C79: Dương Văn Tiến | D79: 34397 | E79: P | F79: 019094010470 | G79: 44508 | H79: Cục Cảnh sát | I79: Tân Đức - Phú Bình - Thái Nguyên | J79: 0976142516 | K79: Nam | L79: 45295 | M79: Ngày | N79: 453 | O79: =RIGHT(B79,2) -> HL | P79: =VLOOKUP($B79,'[3]CHÍNH THỨC'!$D:$H,4,0) -> 45296 | Q79: =VLOOKUP($B79,'[3]CHÍNH THỨC'!$D:$H,5,0) -> Đã nghỉ việc
A80: 76 | B80: NW24011594HL | C80: Đoàn Văn Kiên | D80: 38360 | E80: P | F80: 019205010485 | G80: 44329 | H80: Cục Cảnh sát | I80: Phú Xuyên - Đại Từ - Thái Nguyên | J80: 0965543858 | K80: Nam | L80: 45295 | M80: Đêm | N80: 483 | O80: =RIGHT(B80,2) -> HL | P80: =VLOOKUP($B80,'[3]CHÍNH THỨC'!$D:$H,4,0) -> 45308 | Q80: =VLOOKUP($B80,'[3]CHÍNH THỨC'!$D:$H,5,0) -> Đã nghỉ việc
A81: 77 | B81: NW24011595HL | C81: Phạm Thu Thùy | D81: 38530 | E81: P | F81: 019305006118 | G81: 44994 | H81: Cục Cảnh sát | I81: Phú Xuyên - Đại Từ - Thái Nguyên | J81: 0965543858 | K81: Nữ | L81: 45295 | M81: Đêm | N81: 482 | O81: =RIGHT(B81,2) -> HL | P81: =VLOOKUP($B81,'[3]CHÍNH THỨC'!$D:$H,4,0) -> 45303 | Q81: =VLOOKUP($B81,'[3]CHÍNH THỨC'!$D:$H,5,0) -> Đã nghỉ việc
A82: 78 | B82: NW24010128CE | C82: Nguyễn Trung Định | D82: 38306 | E82: P | F82: 019204002003 | G82: 44419 | H82: Cục Cảnh sát | I82: Vô Tranh, Phú Lương, Thái Nguyên | J82: 0974257514 | K82: Nam | L82: 45295 | M82: Ngày | N82: 467 | O82: =RIGHT(B82,2) -> CE | P82: =VLOOKUP($B82,'[3]CHÍNH THỨC'!$D:$H,4,0) -> 45328 | Q82: =VLOOKUP($B82,'[3]CHÍNH THỨC'!$D:$H,5,0) -> Đã nghỉ việc
... A86: 82 | B86: NW24011053TM | C86: Trần Văn Tú | D86: 38374 | E86: P | F86: 019205008953 | G86: 44419 | H86: Cục Cảnh Sát | I86: Tân Cương - Tp Thái Nguyên - Thái Nguyên | J86: 0968860082 | K86: Nam | L86: 45295 | M86: Ngày | N86: 435 | O86: =RIGHT(B86,2) -> TM | P86: =VLOOKUP($B86,'[3]CHÍNH THỨC'!$D:$H,4,0) -> 45302 | Q86: =VLOOKUP($B86,'[3]CHÍNH THỨC'!$D:$H,5,0) -> Đã nghỉ việc
A87: 83 | B87: NW24010232LT | C87: Dương Văn Giang | D87: 35776 | E87: P | F87: 0190970002766 | G87: 44389 | H87: Cục Cảnh sát | I87: Úc Kỳ - Phú Bình - Thái Nguyên | J87: 0975345812 | K87: Nam | L87: 45295 | M87: Ngày | N87: 470 | O87: =RIGHT(B87,2) -> LT | P87: =VLOOKUP($B87,'[3]CHÍNH THỨC'!$D:$H,4,0) -> 45317 | Q87: =VLOOKUP($B87,'[3]CHÍNH THỨC'!$D:$H,5,0) -> Đã nghỉ việc
A88: 84 | B88: NW24010243KJ | C88: Hầu Thị Kiếm | D88: 29211 | E88: P | F88: 019179001780 | G88: 44326 | H88: Cục Cảnh sát | I88: Khe Mo - Đồng Hỷ - Thái Nguyên | J88: 0363425970 | K88: Nữ | L88: 45295 | M88: Ngày | N88: 424 | O88: =RIGHT(B88,2) -> KJ | P88: =VLOOKUP($B88,'[3]CHÍNH THỨC'!$D:$H,4,0) -> 45324 | Q88: =VLOOKUP($B88,'[3]CHÍNH THỨC'!$D:$H,5,0) -> Đã nghỉ việc
A89: 85 | B89: NW24011686HM | C89: Đăng Văn Vận | D89: 38261 | E89: P | F89: 006204000326 | G89: 45180 | H89: Cục Cảnh sát | I89: Bằng Thành - Pác Nặm - Bắc Kạn | J89: 0325439553 | K89: Nam | L89: 45296 | M89: Đêm | N89: 520 | O89: =RIGHT(B89,2) -> HM | P89: =VLOOKUP($B89,'[3]CHÍNH THỨC'!$D:$H,4,0) -> 45310 | Q89: =VLOOKUP($B89,'[3]CHÍNH THỨC'!$D:$H,5,0) -> Đã nghỉ việc
A90: 86 | B90: NW24010075MD | C90: Trần Văn Thắng | D90: 35975 | E90: P | F90: 019098006871 | G90: 44419 | H90: Cục Cảnh sát | I90: Cổ Lũng, Phú Lương, Thái Nguyên | J90: 0359582811 | K90: Nam | L90: 45296 | M90: Đêm | N90: 500 | O90: =RIGHT(B90,2) -> MD | P90: =VLOOKUP($B90,'[3]CHÍNH THỨC'!$D:$H,4,0) -> 45315 | Q90: =VLOOKUP($B90,'[3]CHÍNH THỨC'!$D:$H,5,0) -> Đã nghỉ việc
A91: 87 | B91: NW24010076MD | C91: Ngô Đức Toàn | D91: 29914 | E91: P | F91: 019081011975 | G91: 45095 | H91: Cục Cảnh sát | I91: Dân Tiến, Võ Nhai, Thái Nguyên | J91: 0979675981 | K91: Nam | L91: 45296 | M91: Đêm | N91: 504 | O91: =RIGHT(B91,2) -> MD | P91: =VLOOKUP($B91,'[3]CHÍNH THỨC'!$D:$H,4,0) -> 45304 | Q91: =VLOOKUP($B91,'[3]CHÍNH THỨC'!$D:$H,5,0) -> Đã nghỉ việc
A92: 88 | B92: NW24010077MD | C92: Hà Văn Dư | D92: 30099 | E92: P | F92: 019082012709 | G92: 44325 | H92: Cục Cảnh sát | I92: Dân Tiến, Võ Nhai, Thái Nguyên | J92: 0985890107 | K92: Nam | L92: 45296 | M92: Đêm | N92: 511 | O92: =RIGHT(B92,2) -> MD | P92: =VLOOKUP($B92,'[3]CHÍNH THỨC'!$D:$H,4,0) -> 45304 | Q92: =VLOOKUP($B92,'[3]CHÍNH THỨC'!$D:$H,5,0) -> Đã nghỉ việc
A93: 89 | B93: NW24010032MU | C93: Nguyễn Thị Yến Nhi | D93: 38403 | E93: P | F93: 019305011186 | G93: 44895 | H93: Cục Cảnh sát | I93: Hùng Sơn - Đại Từ - Thái Nguyên | J93: 0936988106 | K93: Nữ | L93: 45296 | M93: Đêm | N93: 485 | O93: =RIGHT(B93,2) -> MU | P93: =VLOOKUP($B93,'[3]CHÍNH THỨC'!$D:$H,4,0) -> 45313 | Q93: =VLOOKUP($B93,'[3]CHÍNH THỨC'!$D:$H,5,0) -> Đã nghỉ việc
A94: 90 | B94: NW24010233LT | C94: Lương Văn Tình | D94: 32691 | E94: P | F94: 019089004329 | G94: 44568 | H94: Cục Cảnh sát | I94: Khe Mo, Đồng Hỷ, Thái Nguyên | J94: 0886013853 | K94: Nam | L94: 45296 | M94: Đêm | N94: 494 | O94: =RIGHT(B94,2) -> LT | P94: =VLOOKUP($B94,'[3]CHÍNH THỨC'!$D:$H,4,0) -> 45307 | Q94: =VLOOKUP($B94,'[3]CHÍNH THỨC'!$D:$H,5,0) -> Đã nghỉ việc
A95: 91 | B95: NW24010234LT | C95: Triệu Hồng Giang | D95: 31025 | E95: P | F95: 006084002456 | G95: 44374 | H95: Cục Cảnh sát | I95: Yên Thịnh, Chợ Đồn, Bắc Kạn | J95: 0377250341 | K95: Nam | L95: 45296 | M95: Đêm | N95: 497 | O95: =RIGHT(B95,2) -> LT | P95: =VLOOKUP($B95,'[3]CHÍNH THỨC'!$D:$H,4,0) -> 45317 | Q95: =VLOOKUP($B95,'[3]CHÍNH THỨC'!$D:$H,5,0) -> Đã nghỉ việc
A96: 92 | B96: NW24010190MA | C96: Nguyễn Hữu Anh | D96: 36971 | E96: P | F96: 019201009568 | G96: 44419 | H96: Cục Cảnh sát | I96: Thượng Đình - Phú Bình - Thái Nguyên | J96: 0372132001 | K96: Nam | L96: 45297 | M96: Đêm | N96: 529 | O96: =RIGHT(B96,2) -> MA | P96: =VLOOKUP($B96,'[3]CHÍNH THỨC'!$D:$H,4,0) -> 45299 | Q96: =VLOOKUP($B96,'[3]CHÍNH THỨC'!$D:$H,5,0) -> Đã nghỉ việc
A97: 93 | B97: NW24011596HL | C97: Hạc Thông Ngát | D97: 35535 | E97: P | F97: 019097002369 | G97: 45013 | H97: Cục Cảnh sát | I97: Bảo Cường - Định Hóa - Thái Nguyên | J97: 0876390818 | K97: Nam | L97: 45297 | M97: Đêm | N97: 519 | O97: =RIGHT(B97,2) -> HL | P97: =VLOOKUP($B97,'[3]CHÍNH THỨC'!$D:$H,4,0) -> 45297 | Q97: =VLOOKUP($B97,'[3]CHÍNH THỨC'!$D:$H,5,0) -> Đã nghỉ việc
A98: 94 | B98: NW24011597HL | C98: Nguyễn Hoàng Thái | D98: 38252 | E98: P | F98: 019204008851 | G98: 44866 | H98: Cục Cảnh sát | I98: Tân Thành - Phú Bình - Thái Nguyên | J98: 0366894543 | K98: Nam | L98: 45297 | M98: Đêm | N98: 537 | O98: =RIGHT(B98,2) -> HL | P98: =VLOOKUP($B98,'[3]CHÍNH THỨC'!$D:$H,4,0) -> 45310 | Q98: =VLOOKUP($B98,'[3]CHÍNH THỨC'!$D:$H,5,0) -> Đã nghỉ việc
A99: 95 | B99: NW24010130CE | C99: Trần Thị Nhàn | D99: 31599 | E99: P | F99: 019186012489 | G99: 44440 | H99: Cục Cảnh sát | I99: Phúc Tân, Phổ Yên, Thái Nguyên | J99: 0975366795 | K99: Nữ | L99: 45297 | M99: Đêm | N99: 515 | O99: =RIGHT(B99,2) -> CE | P99: =VLOOKUP($B99,'[3]CHÍNH THỨC'!$D:$H,4,0) -> 45339 | Q99: =VLOOKUP($B99,'[3]CHÍNH THỨC'!$D:$H,5,0) -> Đã nghỉ việc
A100: 96 | B100: NW24011598HL | C100: Nguyễn Mạnh Thắng | D100: 38530 | E100: P | F100: 019205009094 | G100: 44329 | H100: Cục Cảnh sát | I100: Tân Kim - Phú Bình - Thái Nguyên | J100: 0925206430 | K100: Nam | L100: 45299 | M100: Ngày | N100: 543 | O100: =RIGHT(B100,2) -> HL | P100: =VLOOKUP($B100,'[3]CHÍNH THỨC'!$D:$H,4,0) -> 45315 | Q100: =VLOOKUP($B100,'[3]CHÍNH THỨC'!$D:$H,5,0) -> Đã nghỉ việc
A101: 97 | B101: NW24011599HL | C101: Trần Hoàng Anh | D101: 38304 | E101: P | F101: 024204002215 | G101: 44302 | H101: Cục Cảnh sát | I101: Đông Lỗ - Hiệp Hòa - Bắc Giang | J101: 0359938897 | K101: Nam | L101: 45299 | M101: Ngày | N101: 545 | O101: =RIGHT(B101,2) -> HL | P101: =VLOOKUP($B101,'[3]CHÍNH THỨC'!$D:$H,4,0) -> 45317 | Q101: =VLOOKUP($B101,'[3]CHÍNH THỨC'!$D:$H,5,0) -> Đã nghỉ việc
A102: 98 | B102: NW24011600HL | C102: Hoàng Công Tuấn | D102: 34444 | E102: P | F102: 019094005735 | G102: 44439 | H102: Cục Cảnh sát | I102: Hương Sơn - Thái Nguyên | J102: 0337875629 | K102: Nam | L102: 45299 | M102: Ngày | N102: 553 | O102: =RIGHT(B102,2) -> HL | P102: =VLOOKUP($B102,'[3]CHÍNH THỨC'!$D:$H,4,0) -> 45310 | Q102: =VLOOKUP($B102,'[3]CHÍNH THỨC'!$D:$H,5,0) -> Đã nghỉ việc
A103: 99 | B103: NW24011601HL | C103: Phạm Văn Soạn | D103: 34544 | E103: P | F103: 019094009141 | G103: 44547 | H103: Cục Cảnh sát | I103: Văn Yên - Đại Từ - Thái Nguyên | J103: 0933685775 | K103: Nam | L103: 45299 | M103: Ngày | N103: 558 | O103: =RIGHT(B103,2) -> HL | P103: =VLOOKUP($B103,'[3]CHÍNH THỨC'!$D:$H,4,0) -> 45307 | Q103: =VLOOKUP($B103,'[3]CHÍNH THỨC'!$D:$H,5,0) -> Đã nghỉ việc
A104: 100 | B104: NW24010191MA | C104: Bàn Văn Phương | D104: 30005 | E104: P | F104: 006082004426 | G104: 44326 | H104: Cục Cảnh sát | I104: Nam Hòa - Đồng Hỷ - Thái Nguyên | J104: 0375223797 | K104: Nam | L104: 45299 | M104: Ngày | N104: 575 | O104: =RIGHT(B104,2) -> MA | P104: =VLOOKUP($B104,'[3]CHÍNH THỨC'!$D:$H,4,0) -> 45321 | Q104: =VLOOKUP($B104,'[3]CHÍNH THỨC'!$D:$H,5,0) -> Đã nghỉ việc
A105: 101 | B105: NW24011687HM | C105: Nguyễn Thị Hải | D105: 29114 | E105: P | F105: 019179010006 | G105: 44372 | H105: Cục Cảnh sát | I105: Vô Tranh - Phú Lương - Thái Nguyên | J105: 0365468382 | K105: Nữ | L105: 45299 | M105: Ngày | N105: 565 | O105: =RIGHT(B105,2) -> HM | P105: =VLOOKUP($B105,'[3]CHÍNH THỨC'!$D:$H,4,0) -> 45300 | Q105: =VLOOKUP($B105,'[3]CHÍNH THỨC'!$D:$H,5,0) -> Đã nghỉ việc
A106: 102 | B106: NW24010078MD | C106: Nguyễn Đàm Thu Yêu | D106: 38105 | E106: P | F106: 006304000602 | G106: 45088 | H106: Cục Cảnh sát | I106: Bành Trạch, Ba bể, Bắc Kạn | J106: 0386883793 | K106: Nữ | L106: 45300 | M106: Ngày | N106: 587 | O106: =RIGHT(B106,2) -> MD | P106: =VLOOKUP($B106,'[3]CHÍNH THỨC'!$D:$H,4,0) -> 45317 | Q106: =VLOOKUP($B106,'[3]CHÍNH THỨC'!$D:$H,5,0) -> Đã nghỉ việc
A107: 103 | B107: NW24010079MD | C107: Chu Văn Tuyến | D107: 30653 | E107: P | F107: 004083000737 | G107: 44299 | H107: Cục Cảnh sát | I107: Cách Linh, quảng Hòa, Cao Bằng | J107: 0353062226 | K107: Nam | L107: 45300 | M107: Ngày | N107: 589 | O107: =RIGHT(B107,2) -> MD | P107: =VLOOKUP($B107,'[3]CHÍNH THỨC'!$D:$H,4,0) -> 45317 | Q107: =VLOOKUP($B107,'[3]CHÍNH THỨC'!$D:$H,5,0) -> Đã nghỉ việc
A108: 104 | B108: NW24011602HL | C108: Nguyễn Thị Hạnh | D108: 31574 | E108: P | F108: 019186004867 | G108: 44446 | H108: Cục Cảnh sát | I108: Tân Đức - Phú Bình - Thái Nguyên | J108: 0868005103 | K108: Nữ | L108: 45300 | M108: Ngày | N108: 594 | O108: =RIGHT(B108,2) -> HL | P108: =VLOOKUP($B108,'[3]CHÍNH THỨC'!$D:$H,4,0) -> 45313 | Q108: =VLOOKUP($B108,'[3]CHÍNH THỨC'!$D:$H,5,0) -> Đã nghỉ việc
A109: 105 | B109: NW24011603HL | C109: Đỗ Hoàng Mạnh | D109: 38454 | E109: P | F109: 006205003298 | G109: 44347 | H109: Cục Cảnh sát | I109: Minh Khai - Bắc Kạn | J109: 0765320128 | K109: Nam | L109: 45300 | M109: Ngày | N109: 592 | O109: =RIGHT(B109,2) -> HL | P109: =VLOOKUP($B109,'[3]CHÍNH THỨC'!$D:$H,4,0) -> 45317 | Q109: =VLOOKUP($B109,'[3]CHÍNH THỨC'!$D:$H,5,0) -> Đã nghỉ việc
A110: 106 | B110: NW24011604HL | C110: Nguyễn Đình Hạnh | D110: 38714 | E110: P | F110: 006205000869 | G110: 44325 | H110: Cục Cảnh sát | I110: Quân Hà - Bạch Thông - Bắc Kạn | J110: 0987674550 | K110: Nam | L110: 45300 | M110: Ngày | N110: 590 | O110: =RIGHT(B110,2) -> HL | P110: =VLOOKUP($B110,'[3]CHÍNH THỨC'!$D:$H,4,0) -> 45317 | Q110: =VLOOKUP($B110,'[3]CHÍNH THỨC'!$D:$H,5,0) -> Đã nghỉ việc
A111: 107 | B111: NW24010192MA | C111: Hoàng Thị Sải | D111: 36892 | E111: P | F111: 004301006823 | G111: 44321 | H111: Cục Cảnh sát | I111: Mai Long - Nguyên Bình - Cao Bằng | J111: 0337008284 | K111: Nữ | L111: 45300 | M111: Ngày | N111: 595 | O111: =RIGHT(B111,2) -> MA | P111: =VLOOKUP($B111,'[3]CHÍNH THỨC'!$D:$H,4,0) -> 45374 | Q111: =VLOOKUP($B111,'[3]CHÍNH THỨC'!$D:$H,5,0) -> Đã nghỉ việc
A112: 108 | B112: NW24010235LT | C112: Bàn Thị Nhất | D112: 37780 | E112: P | F112: 019303010481 | G112: 44298 | H112: Cục Cảnh sát | I112: Bảo Linh- Định Hoá- Thái Nguyên | J112: 0862114264 | K112: Nữ | L112: 45301 | M112: Ngày | N112: 92 | O112: =RIGHT(B112,2) -> LT | P112: =VLOOKUP($B112,'[3]CHÍNH THỨC'!$D:$H,4,0) -> 45322 | Q112: =VLOOKUP($B112,'[3]CHÍNH THỨC'!$D:$H,5,0) -> Đã nghỉ việc
A113: 109 | B113: NW24010236LT | C113: Triệu Triều Minh | D113: 37605 | E113: P | F113: 006202004869 | G113: 44234 | H113: Cục Cảnh sát | I113: Khang Ninh - Ba Bể- Bắc Kạn | J113: 0344895621 | K113: Nam | L113: 45301 | M113: Ngày | N113: 134 | O113: =RIGHT(B113,2) -> LT | P113: =VLOOKUP($B113,'[3]CHÍNH THỨC'!$D:$H,4,0) -> 45329 | Q113: =VLOOKUP($B113,'[3]CHÍNH THỨC'!$D:$H,5,0) -> Đã nghỉ việc
A114: 110 | B114: NW24010080MD | C114: Nguyễn Thành Luân | D114: 31968 | E114: P | F114: 019087009083 | G114: 45058 | H114: Cục Cảnh sát | I114: Sơn Cẩm, Thái Nguyên, Thái Nguyên | J114: 0392062868 | K114: Nam | L114: 45301 | M114: Ngày | N114: 31 | O114: =RIGHT(B114,2) -> MD | P114: =VLOOKUP($B114,'[3]CHÍNH THỨC'!$D:$H,4,0) -> 45302 | Q114: =VLOOKUP($B114,'[3]CHÍNH THỨC'!$D:$H,5,0) -> Đã nghỉ việc
...

Sheet VT
B4: NW24011670HM | C4: =VLOOKUP($B4,TT!$B:$O,13,0) -> #N/A
B5: NW24011675HM | C5: =VLOOKUP($B5,TT!$B:$O,13,0) -> 344
B6: NW24021630HL | C6: =VLOOKUP($B6,TT!$B:$O,13,0) -> 230
B7: NW24021631HL | C7: =VLOOKUP($B7,TT!$B:$O,13,0) -> 231
B8: NW24030085MD | C8: =VLOOKUP($B8,TT!$B:$O,13,0) -> 281
B9: NW24030095MD | C9: =VLOOKUP($B9,TT!$B:$O,13,0) -> 520
B10: NW24031660HL | C10: =VLOOKUP($B10,TT!$B:$O,13,0) -> 594
B11: NW24030255LT | C11: =VLOOKUP($B11,TT!$B:$O,13,0) -> 236
B12: NW24030231MA | C12: =VLOOKUP($B12,TT!$B:$O,13,0) -> 745
B13: NW24031679HL | C13: =VLOOKUP($B13,TT!$B:$O,13,0) -> 746
B14: NW24031685HL | C14: =VLOOKUP($B14,TT!$B:$O,13,0) -> #N/A
B15: NW24031761HM | C15: =VLOOKUP($B15,TT!$B:$O,13,0) -> 629
... B602: NW24070234MD | C602: =VLOOKUP($B602,TT!$B:$O,13,0) -> 1377

Sheet Nghỉ việc
B2: No | C2: Mã NV | D2: Họ và Tên | E2: Bộ phận | F2: Ngày vào | G2: Ngày xử lý nghỉ việc | H2: Tổng thời gian làm việc | I2: Lý do nghỉ việc | J2: Số điện thoại
B3: 1 | C3: NW24092130HM | D3: Lưu Sỹ Bắc | E3: SM | F3: 45552 | G3: 45553 | H3: =G3-F3 -> 1 | I3: Nghỉ KLD 2 ngày. CN báo nghỉ luôn | J3: 0946290654
B4: 2 | C4: NW24070295CE | D4: Nguyễn Thị Hà | E4: Q | F4: 45482 | G4: 4-thg 9-24 | H4: 57 | I4: Nghỉ 2 ngày KLD, bỏ việc đã xác nhận | J4: 971747908
B5: 3 | C5: NW24050288MA | D5: Dương Thuỳ Linh | E5: Q | F5: 45427 | G5: 4-thg 9-24 | H5: 112 | I5: Bỏ việc đã xác nhận | J5: 393185944
B6: 4 | C6: NW24070224MD | D6: Trần Thị Kiều Linh | E6: Q | F6: 45483 | G6: 6-thg 9-24 | H6: 58 | I6: Bỏ việc đã xác nhận | J6: 357563608
B7: 5 | C7: NW24091676NE | D7: Trần Phương Đông | E7: Q | F7: 45391 | G7: 5-thg 9-24 | H7: 1 | I7: Nghỉ KLD 2 ngày đã xác nhận | J7: 334440127
B8: 6 | C8: NW24090402MA | D8: Đặng Kim Tuyến | E8: Q | F8: 45391 | G8: 7-thg 9-24 | H8: 3 | I8: Nghỉ KLD 2 ngày đã xác nhận | J8: 332964935
B9: 7 | C9: NW24090256MD | D9: Đặng Xuân Tiến | E9: Q | F9: 45391 | G9: 7-thg 9-24 | H9: 3 | I9: Bỏ việc đã xác nhận | J9: 369191040
B10: 8 | C10: NW24092106HM | D10: Nông Thị Nguyên | E10: Q | F10: 45544 | G10: 12-thg 9-24 | H10: 3 | I10: Bỏ việc đã xác nhận | J10: 345383205
B11: 9 | C11: NW24092120HM | D11: Hoàng Nữ Nhi | E11: Q | F11: 9/14/2024 | G11: 16-thg 9-24 | H11: 2 | I11: 2 ngày KLD đã xác nhận | J11: 386881147
B12: 10 | C12: NW24092121HM | D12: Nguyễn Việt Bắc | E12: Q | F12: 9/14/2024 | G12: 16-thg 9-24 | H12: 2 | I12: 2 ngày KLD đã xác nhận | J12: 393998606
B13: 11 | C13: NW24092107HM | D13: Lò Minh Thông | E13: Q | F13: 45544 | G13: 9/16/2024 | H13: 7 | I13: 2 ngày KLD đã xác nhận | J13: 986359370
B14: 12 | C14: NW24092118HM | D14: Nguyễn Văn Học | E14: Q | F14: 9/14/2024 | G14: 9/16/2024 | H14: 2 | I14: 2 ngày KLD đã xác nhận | J14: 979407568
B15: 13 | C15: NW24092119HM | D15: Nguyễn Văn Vũ | E15: Q | F15: 9/14/2024 | G15: 9/16/2024 | H15: 2 | I15: 2 ngày KLD đã xác nhận | J15: 373500609
B16: 14 | C16: NW24090283MD | D16: Hoàng Thị Hồng | E16: Q | F16: 9/16/2024 | G16: 9/17/2024 | H16: 1 | I16: 2 ngày KLD đã xác nhận | J16: 369734249
B17: 15 | C17: NW24091708NE | D17: Nguyễn Thị Tiếp | E17: Q | F17: 9/14/2024 | G17: 9/18/2024 | H17: 4 | I17: Bỏ việc đã xác nhận | J17: 986142768
B18: 16 | C18: NW24092129HM | D18: Lê Việt Dũng | E18: Q | F18: 9/16/2024 | G18: 9/18/2024 | H18: 2 | I18: Không tuân thủ quy định | J18: 866002660
B19: 17 | C19: NW24092127HM | D19: Lường Minh Nghĩa | E19: Q | F19: 9/16/2024 | G19: 9/17/2024 | H19: 1 | I19: 2 ngày KLD đã xác nhận | J19: 333903287
B20: 18 | C20: NW24092128HM | D20: Vi Văn Hội | E20: Q | F20: 9/16/2024 | G20: 9/17/2024 | H20: 1 | I20: 2 ngày KLD đã xác nhận | J20: 356711415
B21: 19 | C21: NW24090286MD | D21: Phạm Quốc Huy | E21: Q | F21: 9/17/2024 | G21: 9/18/2024 | H21: 1 | I21: 2 ngày KLD đã xác nhận | J21: 366263227
B22: 20 | C22: NW24090287MD | D22: Nguyễn Thị Thúy Anh | E22: Q | F22: 9/17/2024 | G22: 9/18/2024 | H22: 1 | I22: 2 ngày KLD đã xác nhận | J22: 353258931
B23: 21 | C23: NW24091716NE | D23: Dương Xuân Thu | E23: Q | F23: 9/19/2024 | G23: 9/20/2024 | H23: 1 | I23: Không tuân thủ quy định | J23: 342469135
B24: 22 | C24: NW24091717NE | D24: Trịnh Việt Anh | E24: Q | F24: 9/19/2024 | G24: 9/20/2024 | H24: 1 | I24: Không tuân thủ quy định | J24: 334440127
B25: 23 | C25: NW24092125HM | D25: Lý Thanh Tùng | E25: P | F25: 16.09.2024 | G25: 19.09.2024 | H25: 3 | I25: Nghỉ không lý do 2 ngày | J25: 356483294
... B27: 25 | C27: NW24091710NE | D27: Nguyễn Văn Thành | E27: P | F27: 17.09.2024 | G27: 19.09.2024 | H27: 2 | I27: Không tuân thủ quy định | J27: 334440127
B28: 26 | C28: NW24091684NE | D28: Long Thanh Mười | E28: PW | F28: 10.09.2024 | G28: 19.09.2024 | H28: 10 | I28: Công nhân xin nghỉ việc
B29: 27 | C29: NW24091911HL | D29: Dương Thị Dung | E29: PW | F29: 06.09.2024 | G29: 18.09.2024 | H29: 13 | I29: Công nhân xin nghỉ việc
B30: 28 | C30: NW24090284MD | D30: Ma Văn Thành Thông | E30: PW | F30: 16.09.2024 | G30: 17.09.2024 | H30: 2 | I30: Nghỉ quá 2 ngày không lý do
B31: 29 | C31: NW24090129HU | D31: La Thị Bình Yên | E31: PW | F31: 17.09.2024 | G31: 18.09.2024 | H31: 2 | I31: Nghỉ quá 2 ngày không lý do
B32: 30 | C32: NW24090056LV | D32: Nguyễn Duy Khánh | E32: P | F32: 05.09.2024 | G32: 18.09.2024 | H32: 13 | I32: Nghỉ không lý do 2 ngày | J32: 878872133
B33: 31 | C33: NW24090282MD | D33: Hoàng Phúc Tài | E33: P | F33: 16.09.2024 | G33: 18.09.2024 | H33: 2 | I33: Nghỉ không lý do 2 ngày | J33: 369734249
B34: 32 | C34: NW24091935HL | D34: Phùng Quang Huy | E34: P | F34: 16.09.2024 | G34: 18.09.2024 | H34: 2 | I34: Nghỉ không lý do 2 ngày | J34: 876773458
B35: 33 | C35: NW24090112HU | D35: Nguyễn Thị Bích Ngọc | E35: P | F35: 16.09.2024 | G35: 18.09.2024 | H35: 2 | I35: Nghỉ không lý do 2 ngày | J35: 921729422
B36: 34 | C36: NW24090110HU | D36: Vi Văn Chuyền | E36: P | F36: 13.09.2024 | G36: 18.09.2024 | H36: 5 | I36: Bỏ việc | J36: 973598209
B37: 35 | C37: NW24090096HU | D37: Dương Quốc Khánh | E37: P | F37: 12.09.2024 | G37: 18.09.2024 | H37: 6 | I37: Bỏ việc | J37: 968635372
B38: 36 | C38: NW24090097HU | D38: Vũ Đức Hoàng | E38: P | F38: 12.09.2024 | G38: 18.09.2024 | H38: 6 | I38: Bỏ việc | J38: 386630903
B39: 37 | C39: NW24092113HM | D39: Vũ Ngọc Linh | E39: PW | F39: 12.09.2024 | G39: 16.09.2024 | H39: 5 | I39: Nghỉ quá 2 ngày không lý do
B40: 38 | C40: NW24092112HM | D40: Nguyễn Minh Tâm | E40: PW | F40: 12.09.2024 | G40: 16.09.2024 | H40: 5 | I40: Nghỉ quá 2 ngày không lý do
B41: 39 | C41: NW24092111HM | D41: Phạm Khánh Ly | E41: PW | F41: 12.09.2024 | G41: 16.09.2024 | H41: 5 | I41: Nghỉ quá 2 ngày không lý do
B42: 40 | C42: NW24090278MD | D42: Hoàng Thị Hải Yến | E42: PW | F42: 12.09.2024 | G42: 16.09.2024 | H42: 5 | I42: Nghỉ quá 2 ngày không lý do
B43: 41 | C43: NW24090088HU | D43: Nguyễn Hữu Hoài | E43: PW | F43: 12.09.2024 | G43: 16.09.2024 | H43: 5 | I43: Nghỉ quá 2 ngày không lý do
B44: 42 | C44: NW24090086HU | D44: Nông Thị Ánh Tuyết | E44: PW | F44: 12.09.2024 | G44: 16.09.2024 | H44: 5 | I44: Nghỉ quá 2 ngày không lý do
B45: 43 | C45: NW24090059HU | D45: Nguyễn Thị Phương Thảo | E45: PW | F45: 10.09.2024 | G45: 16.09.2024 | H45: 7 | I45: Nghỉ quá 2 ngày không lý do
B46: 44 | C46: NW24090035HU | D46: Trương Văn Thức | E46: PW | F46: 09.09.2024 | G46: 16.09.2024 | H46: 8 | I46: Nghỉ quá 2 ngày không lý do
B47: 45 | C47: NW24090031HU | D47: Nông Thị Hồng | E47: PW | F47: 09.09.2024 | G47: 16.09.2024 | H47: 8 | I47: Nghỉ quá 2 ngày không lý do
B48: 46 | C48: NW24090030HU | D48: Lương Thị Điểm | E48: PW | F48: 09.09.2024 | G48: 16.09.2024 | H48: 8 | I48: Nghỉ quá 2 ngày không lý do
B49: 47 | C49: NW24090026HU | D49: Lường Thị Tươi | E49: PW | F49: 09.09.2024 | G49: 16.09.2024 | H49: 8 | I49: Nghỉ quá 2 ngày không lý do
B50: 48 | C50: NW24090024HU | D50: Triệu Văn Mạnh | E50: PW | F50: 09.09.2024 | G50: 16.09.2024 | H50: 8 | I50: Nghỉ quá 2 ngày không lý do
... B55: 53 | C55: NW24090059LV | D55: Đỗ Huy Ngọc | E55: PW | F55: 16.09.2024 | G55: 17.09.2024 | H55: 2 | I55: Nghỉ quá 2 ngày không lý do
B56: 54 | C56: NW24090042HU | D56: Dương Văn Bảo | E56: PW | F56: 45544 | G56: 17.09.2024 | H56: 9 | I56: Nghỉ quá 2 ngày không lý do
B57: 55 | C57: NW24092124HM | D57: Nguyễn Thành Đạt | E57: MM | F57: 9/14/2024 | G57: 45553 | H57: 0năm, 0tháng, 4ngày | I57: Bỏ việc
B58: 56 | C58: NW24087168MW | D58: Trần Xuân Vũ | E58: MM | F58: 9/13/2024 | G58: 45553 | H58: 0năm, 0tháng, 5ngày | I58: Bỏ việc
B59: 57 | C59: NW24090092HU | D59: Hoàng Trung Nghĩa | E59: P | F59: 12.09.2024 | G59: 17.09.2024 | H59: 5 | I59: Nghỉ không lý do 2 ngày | J59: 967351928
B60: 58 | C60: NW24090093HU | D60: Lê Tiến Đạt | E60: P | F60: 12.09.2024 | G60: 17.09.2024 | H60: 5 | I60: Nghỉ không lý do 2 ngày | J60: 869850935
B61: 59 | C61: NW24031660HL | D61: Nguyễn Tuấn Anh | E61: P | F61: 11.03.2024 | G61: 17.09.2024 | H61: 190 | I61: Nghỉ không lý do 2 ngày | J61: 962545158
B62: 60 | C62: NW24091226TM | D62: Dương Văn Út | E62: P | F62: 04.09.2024 | G62: 17.09.2024 | H62: 13 | I62: Nghỉ không lý do 2 ngày | J62: 348349758
B63: 61 | C63: NW24090404MA | D63: Hoàng Đức Việt | E63: P | F63: 05.09.2024 | G63: 17.09.2024 | H63: 12 | I63: Nghỉ không lý do 2 ngày | J63: 383447884
B64: 62 | C64: NW24090054HU | D64: Nguyễn Văn Đoàn | E64: P | F64: 10.09.2024 | G64: 17.09.2024 | H64: 7 | I64: Nghỉ không lý do 2 ngày | J64: 865811202
B65: 63 | C65: NW24090055HU | D65: Nguyễn Minh Hoàng | E65: P | F65: 10.09.2024 | G65: 17.09.2024 | H65: 7 | I65: Nghỉ không lý do 2 ngày | J65: 329135361
B66: 64 | C66: NW24091697NE | D66: Nguyễn Văn Công | E66: P | F66: 11.09.2024 | G66: 17.09.2024 | H66: 6 | I66: Nghỉ không lý do 2 ngày | J66: 838049381
B67: 65 | C67: NW24091699NE | D67: Nguyễn Thị Thu Hoài | E67: P | F67: 11.09.2024 | G67: 17.09.2024 | H67: 6 | I67: Nghỉ không lý do 2 ngày | J67: 368179137
B68: 66 | C68: NW24091916HL | D68: Chu Thị Linh | E68: P | F68: 12.09.2024 | G68: 17.09.2024 | H68: 5 | I68: Nghỉ không lý do 2 ngày | J68: 954526401
B69: 67 | C69: NW24091917HL | D69: Nguyễn Văn Tám | E69: P | F69: 12.09.2024 | G69: 17.09.2024 | H69: 5 | I69: Nghỉ không lý do 2 ngày | J69: 371616824
B70: 68 | C70: NW24091918HL | D70: Dương Hải Bình | E70: P | F70: 12.09.2024 | G70: 16.09.2024 | H70: 4 | I70: Nghỉ không lý do 2 ngày | J70: 376543259
... B96: 94 | C96: NW24090125HU | D96: Nguyễn Văn Đoàn | E96: PW | F96: 17.09.2024 | G96: 21.09.2024 | H96: 5 | I96: Nghỉ việc | J96: 0

Sheet chuyên ca
A1: DS CHUYÊN CA ĐÊM
A2: STT | B2: Mã nhân viên | C2: Họ tên | D2: Ngày vào | E2: Vendor
A3: 1 | B3: NW24090414MA | C3: Nguyễn Tiến Thế | D3: =VLOOKUP(B3,TT!$B:$O,11,0) -> 45553 | E3: MA
A4: 2 | B4: NW24090413MA | C4: Nguyễn Thành Nam | D4: =VLOOKUP(B4,TT!$B:$O,11,0) -> 45553 | E4: MA
A5: 3 | B5: NW24090407MA | C5: Diệp Văn Mạnh | D5: =VLOOKUP(B5,TT!$B:$O,11,0) -> 45552 | E5: MA
A6: 4 | B6: NW24090417MA | C6: Đỗ Mạnh Thiệp | D6: =VLOOKUP(B6,TT!$B:$O,11,0) -> 45556 | E6: MA | F6: nghỉ việc
A7: 5 | B7: NW24090349CE | C7: Trần Thị Cẩm Tú | D7: =VLOOKUP(B7,TT!$B:$O,11,0) -> 45558 | E7: HN
A8: 6 | B8: NW24090350CE | C8: Dương Thị Đào | D8: =VLOOKUP(B8,TT!$B:$O,11,0) -> 45558 | E8: HN
A9: 7 | B9: NW24090351CE | C9: Nguyễn Thị Thu Hương | D9: =VLOOKUP(B9,TT!$B:$O,11,0) -> 45558 | E9: HN
A10: 8 | B10: NW24090296MD | C10: Thào Mí Sò | D10: =VLOOKUP(B10,TT!$B:$O,11,0) -> 45556 | E10: MD
A11: 9 | B11: NW24090297MD | C11: Sùng Đại Hùng | D11: =VLOOKUP(B11,TT!$B:$O,11,0) -> 45556 | E11: MD
A12: 10 | B12: NW24090298MD | C12: Sùng Mí Tiến | D12: =VLOOKUP(B12,TT!$B:$O,11,0) -> 45556 | E12: MD
A13: 11 | B13: NW24090299MD | C13: Thào Mí Nô | D13: =VLOOKUP(B13,TT!$B:$O,11,0) -> 45556 | E13: MD
A14: 12 | B14: NW24090300MD | C14: Ly Mí Vàng | D14: =VLOOKUP(B14,TT!$B:$O,11,0) -> 45556 | E14: MD
